Number,Major_code,Major,Total,Mig_plan,Violence_level,Major_category,ShareWomen,Sample_size,Employed,Full_time,Part_time,Full_time_year_round,Unemployed,Unemployment_rate,Median,P25th,P75th,College_jobs,Non_college_jobs,Low_wage_jobs,Total_bin,temp,Median_bin,Histogram_column,midpoint
0,2419,El Salvador,2339,Not Asked,No Response,Not,0.120564344,36,1976,1849,270,1207,37,0.018380527,110000,95000,125000,1534,364,193,"(124.0, 20124.0]",1,"(108500, 111000]",1,109750
1,2416,El Salvador,756,Not Asked,No Response,Not,0.101851852,7,640,556,170,388,85,0.117241379,75000,55000,90000,350,257,50,"(124.0, 20124.0]",1,"(73500, 76000]",1,74750
2,2415,El Salvador,856,Not Asked,Diminished,Not,0.153037383,3,648,558,133,340,16,0.024096386,73000,50000,105000,456,176,0,"(124.0, 20124.0]",1,"(71000, 73500]",1,72250
3,2417,El Salvador,1258,Not Asked,No Response,No Response,0.107313196,16,758,1069,150,692,40,0.050125313,70000,43000,80000,529,102,0,"(124.0, 20124.0]",1,"(68500, 71000]",1,69750
4,2405,El Salvador,32260,Not Asked,Diminished,Not,0.341630502,289,25694,23170,5180,16697,1672,0.061097712,65000,50000,75000,18314,4440,972,"(20124.0, 40124.0]",1,"(63500, 66000]",1,64750
5,2418,El Salvador,2573,Not Asked,Increased,Not,0.144966965,17,1857,2038,264,1449,400,0.177226407,65000,50000,102000,1142,657,244,"(124.0, 20124.0]",1,"(63500, 66000]",2,64750
6,6202,El Salvador,3777,Not,Increased,Yes,0.441355573,51,2912,2924,296,2482,308,0.095652174,62000,53000,72000,1768,314,259,"(124.0, 20124.0]",1,"(61000, 63500]",1,62250
7,5001,El Salvador,1792,Not Asked,No Response,Not,0.535714286,10,1526,1085,553,827,33,0.021167415,62000,31500,109000,972,500,220,"(124.0, 20124.0]",1,"(61000, 63500]",2,62250
8,2414,Guatemala,91227,Not Asked,No violent acts / crime,Not,0.119558903,1029,76442,71298,13101,54639,4650,0.057342278,60000,48000,70000,52844,16384,3253,"(80124.0, 100124.0]",1,"(58500, 61000]",1,59750
9,2408,Guatemala,81527,Not Asked,No violent acts / crime,Not,0.196450256,631,61928,55450,12695,41413,3895,0.059173845,60000,45000,72000,45829,10874,3170,"(80124.0, 100124.0]",1,"(58500, 61000]",2,59750
10,2407,El Salvador,41542,Yes,No violent acts / crime,Yes,0.199412643,399,32506,30315,5146,23621,2275,0.065409275,60000,45000,75000,23694,5721,980,"(40124.0, 60124.0]",1,"(58500, 61000]",3,59750
11,2401,El Salvador,15058,Not Asked,No Response,Not,0.139792801,147,11391,11106,2724,8790,794,0.065162085,60000,42000,70000,8184,2425,372,"(124.0, 20124.0]",1,"(58500, 61000]",4,59750
12,2404,El Salvador,14955,Not,No violent acts / crime,Yes,0.437846874,79,10047,9017,2694,5986,1019,0.09208386,60000,36000,70000,6439,2471,789,"(124.0, 20124.0]",1,"(58500, 61000]",5,59750
13,5008,El Salvador,4279,Not Asked,Same / No change,Not,0.310820285,22,3307,2751,878,1967,78,0.023042836,60000,39000,65000,2626,391,81,"(124.0, 20124.0]",1,"(58500, 61000]",6,59750
14,2409,El Salvador,4321,Not Asked,Diminished,Not,0.183985189,30,3608,2999,811,2004,23,0.006334343,58000,25000,74000,2439,947,263,"(124.0, 20124.0]",1,"(56000, 58500]",1,57250
15,2402,El Salvador,8925,Not,Same / No change,Yes,0.320784314,55,6170,5455,1983,3413,589,0.087143069,57100,40000,76000,3603,1595,524,"(124.0, 20124.0]",1,"(56000, 58500]",2,57250
16,2412,El Salvador,18968,Not,No Response,Yes,0.343473218,183,15604,14879,2243,11326,699,0.042875544,57000,37900,67000,8306,3235,640,"(124.0, 20124.0]",1,"(56000, 58500]",3,57250
17,2400,El Salvador,61152,Not,Same / No change,Yes,0.252959838,425,44931,41235,7199,33540,2859,0.059824231,56000,36000,69000,26898,11734,3192,"(60124.0, 80124.0]",1,"(53500, 56000]",1,54750
18,2403,Guatemala,2825,Not,Increased,Yes,0.350442478,26,2575,2277,343,1848,170,0.061930783,54000,38000,65000,1665,649,137,"(124.0, 20124.0]",1,"(53500, 56000]",2,54750
19,3201,El Salvador,1148,Not Asked,Increased,Not,0.236062718,14,930,808,223,808,11,0.011689692,54000,50000,54000,402,528,144,"(124.0, 20124.0]",1,"(53500, 56000]",3,54750
20,2102,El Salvador,128319,Not Asked,Increased,Not,0.222695002,1196,102087,91485,18726,70932,6884,0.063172771,53000,39000,70000,68622,25667,5144,"(120124.0, 140124.0]",1,"(51000, 53500]",1,52250
21,1104,Guatemala,,Not,Diminished,Yes,,36,3149,2558,1121,1735,338,0.09693146,53000,32000,70000,1183,1274,485,,1,"(51000, 53500]",2,52250
22,2502,Guatemala,11565,Not Asked,Same / No change,Not,0.292607004,97,8587,7530,1873,5681,824,0.087557114,52000,35000,60000,5126,2686,696,"(124.0, 20124.0]",1,"(51000, 53500]",3,52250
23,2413,Guatemala,2993,Not Asked,Same / No change,Not,0.325091881,22,2449,1658,1040,1151,70,0.027788805,52000,35000,62000,1911,305,70,"(124.0, 20124.0]",1,"(51000, 53500]",4,52250
24,6212,Guatemala,18713,Not Asked,Same / No change,Not,0.278790146,278,16413,15141,2420,13017,1015,0.058239614,51000,38000,60000,6342,5741,708,"(124.0, 20124.0]",1,"(48500, 51000]",1,49750
25,2406,El Salvador,53153,Not,No Response,Yes,0.227117943,565,43041,38302,10080,29196,3270,0.070609574,50000,40000,60000,28526,9356,2899,"(40124.0, 60124.0]",1,"(48500, 51000]",2,49750
26,5601,El Salvador,18498,Not,No Response,Yes,0.090712509,295,16318,15690,1751,12313,1042,0.060023041,50000,36000,60000,3275,5351,703,"(124.0, 20124.0]",1,"(48500, 51000]",3,49750
27,6204,Guatemala,11732,Not Asked,Same / No change,Not,0.32483805,156,10027,9639,1183,7724,504,0.047858703,50000,40000,60000,1466,3629,285,"(124.0, 20124.0]",1,"(48500, 51000]",4,49750
28,2499,Guatemala,9133,Not Asked,Increased,Not,0.189970437,118,7428,6811,1662,5476,597,0.074392523,50000,39000,65000,3445,2426,365,"(124.0, 20124.0]",1,"(48500, 51000]",5,49750
29,5402,El Salvador,5978,Not,Same / No change,Yes,0.558548009,55,4547,4163,1306,2776,670,0.128426299,50000,35000,70000,1550,1871,340,"(124.0, 20124.0]",1,"(48500, 51000]",6,49750
30,2410,El Salvador,4047,Not,Same / No change,Yes,0.342228811,26,2983,2384,930,1951,308,0.093588575,50000,42000,56000,2028,830,260,"(124.0, 20124.0]",1,"(48500, 51000]",7,49750
31,2500,El Salvador,3600,Not,Same / No change,Yes,0.251388889,39,2799,2257,689,1723,163,0.055030385,50000,43000,60000,1017,1269,142,"(124.0, 20124.0]",1,"(48500, 51000]",8,49750
32,6099,El Salvador,3340,Not Asked,No violent acts / crime,Not,0.410179641,30,2914,2049,1067,1200,286,0.089375,50000,25000,66000,693,1714,755,"(124.0, 20124.0]",1,"(48500, 51000]",9,49750
33,2411,El Salvador,720,Not Asked,No violent acts / crime,Not,0.322222222,5,604,524,126,396,49,0.075038285,50000,42800,57000,501,50,49,"(124.0, 20124.0]",1,"(48500, 51000]",10,49750
34,6107,El Salvador,209394,Not,No violent acts / crime,Yes,0.896018988,2554,180903,151191,40818,122817,8497,0.044862724,48000,39000,58000,151643,26146,6193,"(200124.0, 220124.0]",1,"(46000, 48500]",1,47250
35,6207,El Salvador,174506,Not,Same / No change,Yes,0.340824957,2189,145696,137921,21463,108595,9413,0.060686356,47000,35000,64000,24243,48447,9910,"(160124.0, 180124.0]",1,"(46000, 48500]",2,47250
36,5501,El Salvador,139247,Not,Same / No change,Yes,0.355469059,1322,104117,96567,25325,70740,11452,0.099092317,47000,35000,65000,25582,37057,10653,"(120124.0, 140124.0]",1,"(46000, 48500]",3,47250
37,6205,El Salvador,13302,Not,Diminished,Yes,0.430536761,199,10914,10048,1937,8000,1165,0.096448381,46000,33000,58000,1578,4612,1284,"(124.0, 20124.0]",1,"(43500, 46000]",1,44750
38,2503,El Salvador,4631,Not,No Response,Yes,0.24919024,73,4428,3988,597,3242,129,0.028308097,46000,35000,65000,1394,2454,480,"(124.0, 20124.0]",1,"(43500, 46000]",2,44750
39,5102,El Salvador,2116,Not Asked,No violent acts / crime,Not,0.75047259,31,1778,1392,579,1115,137,0.07154047,46000,38000,53000,162,1475,124,"(124.0, 20124.0]",1,"(43500, 46000]",3,44750
40,6201,El Salvador,198633,Not Asked,No Response,Not,0.524152583,2042,165527,151967,27693,123169,12411,0.069749014,45000,34000,56000,11417,39323,10886,"(180124.0, 200124.0]",1,"(43500, 46000]",4,44750
41,3700,El Salvador,72397,Not Asked,No Response,Not,0.448098678,541,58118,46399,18079,33738,2884,0.047277138,45000,33000,60000,34800,14829,4569,"(60124.0, 80124.0]",1,"(43500, 46000]",5,44750
42,2100,El Salvador,36698,Not,No Response,Yes,0.253583302,425,28459,26348,4332,21130,2934,0.093460326,45000,30000,60000,13344,11783,1672,"(20124.0, 40124.0]",1,"(43500, 46000]",6,44750
43,5007,El Salvador,32142,Not,No violent acts / crime,Yes,0.281936407,142,25302,19428,8721,14389,1282,0.048224496,45000,30000,68000,18674,4576,1823,"(20124.0, 40124.0]",1,"(43500, 46000]",7,44750
44,6105,El Salvador,15914,Yes,No violent acts / crime,Yes,0.75392736,190,13150,11510,2665,9005,505,0.03698279,45000,36000,50000,5546,7176,1002,"(124.0, 20124.0]",1,"(43500, 46000]",8,44750
45,2105,El Salvador,11913,Not,Diminished,Yes,0.244103081,158,9881,9105,1468,7378,639,0.060741445,45000,32500,58000,4390,4102,608,"(124.0, 20124.0]",1,"(43500, 46000]",9,44750
46,3702,El Salvador,6251,Not,Same / No change,Yes,0.526475764,37,4247,3190,1840,2151,401,0.086273666,45000,26700,60000,2298,1200,343,"(124.0, 20124.0]",1,"(43500, 46000]",10,44750
47,3701,El Salvador,4939,Not Asked,No Response,Not,0.434298441,45,3854,3465,1176,2593,385,0.090823307,45000,34000,63000,2437,803,357,"(124.0, 20124.0]",1,"(43500, 46000]",11,44750
48,3607,El Salvador,1762,Not Asked,No Response,Not,0.707718502,3,1144,657,532,565,107,0.085531575,45000,40000,45000,603,478,93,"(124.0, 20124.0]",1,"(43500, 46000]",12,44750
49,5006,El Salvador,2418,Not Asked,No violent acts / crime,Not,0.688999173,36,1638,1931,379,1595,99,0.056994819,44700,23000,50000,459,996,186,"(124.0, 20124.0]",1,"(43500, 46000]",13,44750
50,2501,El Salvador,2906,Not,Same / No change,Yes,0.174122505,29,2125,1992,462,1358,74,0.03365166,44000,30000,50000,482,844,245,"(124.0, 20124.0]",1,"(43500, 46000]",14,44750
51,6104,El Salvador,11123,Not Asked,No Response,Not,0.927807246,67,9168,5643,4107,4290,407,0.042506527,42000,30000,65000,2091,6948,1270,"(124.0, 20124.0]",1,"(41000, 43500]",1,42250
52,4005,El Salvador,609,Not,No Response,Yes,0.178981938,7,559,584,0,391,0,0,42000,30000,78000,452,67,25,"(124.0, 20124.0]",1,"(41000, 43500]",2,42250
53,2101,El Salvador,4168,Not,Increased,Yes,0.269193858,43,3257,3204,482,2453,419,0.11398259,41300,20000,46000,2024,1033,263,"(124.0, 20124.0]",1,"(41000, 43500]",3,42250
54,4006,El Salvador,3831,Yes,No Response,Yes,0.56486557,25,2741,2470,711,1584,223,0.075236167,41000,20000,60000,1369,921,135,"(124.0, 20124.0]",1,"(38500, 41000]",1,39750
55,2303,El Salvador,818,Not,No Response,Yes,0.854523227,4,730,595,135,545,88,0.107579462,41000,41000,43000,509,221,0,"(124.0, 20124.0]",1,"(38500, 41000]",2,39750
56,5505,El Salvador,28187,Not Asked,Same / No change,Not,0.632986838,219,21190,18681,5563,13583,2271,0.096798943,40100,31200,53000,6774,9570,2499,"(20124.0, 40124.0]",1,"(38500, 41000]",3,39750
57,6200,El Salvador,234590,Not Asked,Same / No change,Not,0.436301633,2380,190183,171385,36241,138299,14946,0.072861468,40000,30000,55000,29334,100831,27320,"(220124.0, 240124.0]",1,"(38500, 41000]",4,39750
58,1401,Honduras,46420,Not Asked,Same / No change,Not,0.451464886,362,34158,29223,10206,20026,4366,0.113331949,40000,31000,50000,16178,13724,4221,"(40124.0, 60124.0]",1,"(38500, 41000]",5,39750
59,6210,Honduras,25894,Not Asked,Increased,Not,0.589711902,260,19660,17563,4890,12823,2092,0.096175064,40000,30000,50000,3383,9482,3046,"(20124.0, 40124.0]",1,"(38500, 41000]",6,39750
60,6108,Guatemala,23551,Not Asked,Same / No change,Not,0.630716318,38,16620,12537,5346,9131,977,0.055520827,40000,20000,90000,11573,4493,1121,"(20124.0, 40124.0]",1,"(38500, 41000]",7,39750
61,3603,Guatemala,18300,Not Asked,Increased,Not,0.59420765,90,11581,9441,4590,6183,1067,0.084361164,40000,29000,47000,7225,3145,1168,"(124.0, 20124.0]",1,"(38500, 41000]",8,39750
62,6299,Guatemala,17947,Not Asked,Increased,Not,0.42692372,244,14826,13364,3366,10637,1150,0.071982974,40000,30000,51000,2236,8937,1758,"(124.0, 20124.0]",1,"(38500, 41000]",9,39750
63,1101,Honduras,14240,Not,Same / No change,Yes,0.321769663,273,12323,11119,2196,9093,649,0.050030836,40000,25000,50000,1925,6221,1362,"(124.0, 20124.0]",1,"(38500, 41000]",10,39750
64,1100,Honduras,10399,Not Asked,Diminished,Not,0.4179248,158,8884,7589,2031,5888,178,0.019642463,40000,30000,50000,2418,4717,839,"(124.0, 20124.0]",1,"(38500, 41000]",11,39750
65,2599,Honduras,8804,Not Asked,No violent acts / crime,Not,0.200022717,125,7502,7001,1240,5825,416,0.05253852,40000,30400,56000,2446,3896,386,"(124.0, 20124.0]",1,"(38500, 41000]",12,39750
66,2504,Guatemala,4790,Not Asked,No violent acts / crime,Not,0.077453027,71,4186,4175,247,3607,250,0.056357078,40000,27000,52000,1861,2121,406,"(124.0, 20124.0]",1,"(38500, 41000]",13,39750
67,3605,Guatemala,3635,Not Asked,Same / No change,Not,0.515543329,11,2463,1787,847,1487,87,0.034117647,40000,34000,45000,1675,678,201,"(124.0, 20124.0]",1,"(38500, 41000]",14,39750
68,5599,Guatemala,3283,Not Asked,Same / No change,Not,0.543405422,28,2727,2183,907,1530,215,0.073079538,40000,30000,54000,744,1654,573,"(124.0, 20124.0]",1,"(38500, 41000]",15,39750
69,6403,Guatemala,3079,Yes,Same / No change,Yes,0.429684963,22,2787,2103,839,1274,138,0.047179487,40000,30000,42000,801,1591,302,"(124.0, 20124.0]",1,"(38500, 41000]",16,39750
70,5205,Honduras,3014,Not Asked,No violent acts / crime,Not,0.643331121,24,2343,1644,1095,1409,286,0.108786611,40000,32000,53000,559,1224,272,"(124.0, 20124.0]",1,"(38500, 41000]",17,39750
71,1102,Honduras,2439,Not Asked,Increased,Not,0.282902829,44,2174,1819,620,1528,182,0.077249576,40000,27000,54000,535,893,94,"(124.0, 20124.0]",1,"(38500, 41000]",18,39750
72,5000,Honduras,1436,Not Asked,No violent acts / crime,Not,0.377437326,10,1146,768,437,653,42,0.035353535,40000,30000,55000,530,465,269,"(124.0, 20124.0]",1,"(38500, 41000]",19,39750
73,3801,Honduras,124,Not,Diminished,Yes,0,4,0,111,0,111,0,0,40000,40000,40000,0,0,0,,1,"(38500, 41000]",20,39750
74,5003,El Salvador,66530,Not,No violent acts / crime,Yes,0.505140538,353,48535,39509,15066,29910,2769,0.0539724,39000,30000,49900,30382,14718,4288,"(60124.0, 80124.0]",1,"(38500, 41000]",21,39750
75,5701,Honduras,2435,Not Asked,Increased,Not,0.232443532,37,2107,2057,287,1752,64,0.029479503,38400,22500,45000,221,1659,81,"(124.0, 20124.0]",1,"(36000, 38500]",1,37250
76,6203,Honduras,329927,Not,Increased,Yes,0.473189524,4212,276234,251540,50357,199897,21502,0.072218341,38000,29000,50000,36720,148395,32395,"(320124.0, 340124.0]",1,"(36000, 38500]",2,37250
77,6206,El Salvador,205211,Not Asked,No violent acts / crime,No Response,0.615727227,2684,178862,156668,35829,127230,11663,0.061215064,38000,30000,50000,25320,93889,27968,"(200124.0, 220124.0]",1,"(36000, 38500]",3,37250
78,5506,El Salvador,182621,Not,Diminished,Yes,0.485929877,1387,133454,117709,43711,83236,15022,0.101174601,38000,28000,50000,36854,66947,19803,"(180124.0, 200124.0]",1,"(36000, 38500]",4,37250
79,5504,El Salvador,18480,Not Asked,No violent acts / crime,Not,0.382900433,179,14057,11367,5651,8628,1799,0.113458628,38000,30000,50000,5350,6830,1905,"(124.0, 20124.0]",1,"(36000, 38500]",5,37250
80,3606,El Salvador,15232,Not,Same / No change,Yes,0.580948004,62,9685,7453,3379,5080,693,0.066775872,38000,29600,50000,5577,3174,1246,"(124.0, 20124.0]",1,"(36000, 38500]",6,37250
81,2106,El Salvador,8066,Not Asked,Same / No change,Not,0.180882718,103,6509,6289,1030,4936,721,0.099723375,37500,25000,50000,2354,3244,308,"(124.0, 20124.0]",1,"(36000, 38500]",7,37250
82,3601,El Salvador,39107,Not Asked,Same / No change,Not,0.515406449,174,25678,20643,9948,13785,2249,0.080531385,37400,29000,50000,15654,8394,3012,"(20124.0, 40124.0]",1,"(36000, 38500]",8,37250
83,3602,El Salvador,1329,Not Asked,Diminished,Not,0.52896915,9,1010,946,169,740,0,0,37000,26000,40000,677,184,56,"(124.0, 20124.0]",1,"(36000, 38500]",9,37250
84,2107,Honduras,7613,Not,Same / No change,Yes,0.305004597,97,6144,5495,1447,4369,1100,0.151849807,36400,27000,49000,2593,2941,352,"(124.0, 20124.0]",1,"(36000, 38500]",10,37250
85,5004,Honduras,10972,Not,Same / No change,Yes,0.470196865,78,8296,6966,2913,5008,677,0.075448568,36200,28000,47000,4858,2792,959,"(124.0, 20124.0]",1,"(36000, 38500]",11,37250
86,6209,Honduras,24497,Not,Same / No change,Yes,0.747560926,264,20760,18550,3767,15446,1315,0.059569649,36000,28000,45000,2406,9629,1906,"(20124.0, 40124.0]",1,"(33500, 36000]",1,34750
87,3202,Honduras,13528,Not,Same / No change,Yes,0.672161443,92,9762,7851,3595,5370,757,0.071965016,36000,29200,46000,2002,6454,1336,"(124.0, 20124.0]",1,"(33500, 36000]",2,34750
88,6199,El Salvador,13386,Not Asked,No violent acts / crime,Not,0.881293889,81,10076,7514,4145,5868,893,0.08141125,36000,23000,42000,5652,3835,1422,"(124.0, 20124.0]",1,"(33500, 36000]",3,34750
89,5401,Honduras,5629,Not Asked,No violent acts / crime,Not,0.476461183,46,4158,4148,847,2952,789,0.1594906,36000,23000,60000,919,2313,496,"(124.0, 20124.0]",1,"(33500, 36000]",4,34750
90,5005,Honduras,1978,Not Asked,No violent acts / crime,Not,0.591001011,18,1441,1264,354,1011,36,0.024373731,36000,21000,41000,784,591,221,"(124.0, 20124.0]",1,"(33500, 36000]",5,34750
91,5206,Honduras,1386,Not Asked,Diminished,Not,0.702020202,8,1080,828,433,529,33,0.029649596,36000,34000,45000,434,593,37,"(124.0, 20124.0]",1,"(33500, 36000]",6,34750
92,1301,Honduras,25965,Not Asked,Same / No change,Not,0.584556133,225,20859,16987,7071,10916,1779,0.078584681,35600,25000,40200,8149,10076,3175,"(20124.0, 40124.0]",1,"(33500, 36000]",7,34750
93,1901,Honduras,213996,Not,No violent acts / crime,Yes,0.669998505,2394,179633,147335,49889,116251,14602,0.075176976,35000,27000,45000,40763,97964,27440,"(200124.0, 220124.0]",1,"(33500, 36000]",8,34750
94,5301,Honduras,152824,Not Asked,No violent acts / crime,Not,0.47501047,1728,125393,109970,32242,88548,11268,0.082452199,35000,26000,45000,24348,88858,18404,"(140124.0, 160124.0]",1,"(33500, 36000]",9,34750
95,6004,Honduras,103480,Not Asked,No violent acts / crime,Not,0.690365288,1186,83483,67448,24387,52243,8947,0.096797577,35000,25000,45000,37389,38119,14839,"(100124.0, 120124.0]",1,"(33500, 36000]",10,34750
96,1902,Guatemala,72619,Not Asked,No Response,Not,0.673143392,843,61022,51411,15902,39524,4535,0.069176442,35000,26000,42900,23279,26672,8512,"(60124.0, 80124.0]",1,"(33500, 36000]",11,34750
97,5098,Guatemala,62052,Not Asked,Increased,Not,0.564639335,427,46138,37850,13133,28966,2727,0.055806815,35000,24000,50000,17923,22039,5751,"(60124.0, 80124.0]",1,"(33500, 36000]",12,34750
98,1904,Guatemala,53162,Not Asked,Increased,Not,0.758060269,681,45326,38815,10948,30932,3305,0.067960766,35000,27000,47000,9659,23059,7214,"(40124.0, 60124.0]",1,"(33500, 36000]",13,34750
99,1501,Guatemala,31195,Not,Increased,Yes,0.719858952,249,24629,18755,9541,13109,1668,0.063429289,35000,24500,44000,8465,11818,3677,"(20124.0, 40124.0]",1,"(33500, 36000]",14,34750
100,2310,Guatemala,28739,Not,Increased,Yes,0.906677337,246,24639,21584,5153,16642,1067,0.041507819,35000,32000,42000,20185,3797,1179,"(20124.0, 40124.0]",1,"(33500, 36000]",15,34750
101,3608,Guatemala,22060,Not Asked,Diminished,Not,0.618223028,99,14643,10732,6541,7588,1088,0.0691628,35000,20000,50000,6587,6894,2237,"(20124.0, 40124.0]",1,"(33500, 36000]",16,34750
102,5503,Guatemala,19879,Yes,No violent acts / crime,Yes,0.495397153,214,16181,13616,4543,10548,1743,0.097243919,35000,25000,45000,3373,10605,1895,"(124.0, 20124.0]",1,"(33500, 36000]",17,34750
103,4002,Guatemala,18909,Not Asked,No violent acts / crime,Not,0.864456079,118,13217,9601,6648,6625,975,0.068700676,35000,26000,45000,6535,5473,2449,"(124.0, 20124.0]",1,"(33500, 36000]",18,34750
104,6103,Guatemala,18109,Not Asked,No violent acts / crime,Not,0.764426528,184,15419,13534,3299,10982,1518,0.089626262,35000,27000,42000,2589,8592,1391,"(124.0, 20124.0]",1,"(33500, 36000]",19,34750
105,2001,Guatemala,18035,Not,No violent acts / crime,Yes,0.366176878,208,14779,11981,4690,9085,2006,0.119511469,35000,25000,45000,4545,8794,2495,"(124.0, 20124.0]",1,"(33500, 36000]",20,34750
106,5901,Guatemala,15150,Not,No violent acts / crime,Yes,0.124950495,180,12266,11688,2633,9170,962,0.072724524,35000,22000,52000,4575,6147,557,"(124.0, 20124.0]",1,"(33500, 36000]",21,34750
107,1303,Honduras,13773,Not,No Response,Yes,0.374355623,152,11797,10722,2613,6954,842,0.066619195,35000,25000,42000,4333,5808,1405,"(124.0, 20124.0]",1,"(33500, 36000]",22,34750
108,3611,Honduras,13663,Not Asked,Same / No change,Not,0.63814682,53,9087,8027,3078,5482,463,0.048481675,35000,30000,44000,5605,2301,902,"(124.0, 20124.0]",1,"(33500, 36000]",23,34750
109,4000,Honduras,12296,Not,No violent acts / crime,Yes,0.770901106,128,9821,8032,3173,6234,749,0.070860927,35000,25000,44000,5176,3903,1061,"(124.0, 20124.0]",1,"(33500, 36000]",24,34750
110,5002,Honduras,4043,Not,No violent acts / crime,Yes,0.321296067,32,3431,2659,1309,2161,78,0.022228555,35000,28000,50000,1808,1317,237,"(124.0, 20124.0]",1,"(33500, 36000]",25,34750
111,1302,Honduras,3607,Not,Same / No change,Yes,0.125034655,48,3007,2473,891,1763,322,0.096725743,35000,28600,48000,1096,1692,327,"(124.0, 20124.0]",1,"(33500, 36000]",26,34750
112,1106,Honduras,685,Not Asked,Same / No change,Not,0.305109489,4,613,488,185,383,0,0,35000,18500,44000,355,144,0,"(124.0, 20124.0]",1,"(33500, 36000]",27,34750
113,2300,Guatemala,143718,Not Asked,No violent acts / crime,Not,0.812876606,919,118241,98408,29558,73531,7195,0.057359929,34000,26000,41000,82007,31112,11443,"(140124.0, 160124.0]",1,"(33500, 36000]",28,34750
114,6402,Guatemala,141951,Not Asked,No violent acts / crime,Not,0.448732309,1058,105646,84681,40657,59218,11176,0.095666912,34000,25000,47000,35336,54569,16839,"(140124.0, 160124.0]",1,"(33500, 36000]",29,34750
115,2602,Guatemala,48246,Not Asked,Increased,Not,0.733967583,342,38315,29340,14569,20056,3132,0.075566386,34000,25000,45000,15051,18193,5267,"(40124.0, 60124.0]",1,"(33500, 36000]",30,34750
116,4001,Guatemala,24650,Not Asked,Same / No change,Not,0.652129817,184,18824,14354,7978,8801,1718,0.083633531,34000,24000,45000,4956,10343,3168,"(20124.0, 40124.0]",1,"(33500, 36000]",31,34750
117,2311,El Salvador,20198,Not Asked,Diminished,Not,0.507376968,157,17700,14002,5168,8871,1012,0.054082941,34000,23050,42000,10928,5561,1806,"(20124.0, 40124.0]",1,"(33500, 36000]",32,34750
118,6110,El Salvador,19735,Not,No violent acts / crime,Yes,0.792095262,130,14512,10099,6377,7460,1833,0.112144387,34000,21000,45000,5225,7385,1854,"(124.0, 20124.0]",1,"(33500, 36000]",33,34750
119,2305,Honduras,14237,Not,Same / No change,Yes,0.728032591,123,13115,11259,2273,8073,216,0.016202835,34000,30000,40000,10699,1977,786,"(124.0, 20124.0]",1,"(33500, 36000]",34,34750
120,2301,Honduras,804,Not Asked,Increased,Not,0.651741294,5,703,733,0,504,0,0,34000,29000,35000,346,206,111,"(124.0, 20124.0]",1,"(33500, 36000]",35,34750
121,6106,Honduras,12740,Not,Same / No change,Yes,0.566640502,31,7052,5029,3891,3236,529,0.069779712,33500,23000,40000,3051,3539,1159,"(124.0, 20124.0]",1,"(31000, 33500]",1,32250
122,3699,Honduras,10706,Not Asked,Same / No change,Not,0.556603774,63,7767,6076,2568,4542,483,0.058545455,33500,23000,48000,4253,2722,459,"(124.0, 20124.0]",1,"(31000, 33500]",2,32250
123,3600,Honduras,280709,Not Asked,Diminished,Not,0.601858152,1370,182295,144512,72371,100336,13874,0.070724732,33400,24000,45000,88232,81109,28339,"(280124.0, 300124.0]",1,"(31000, 33500]",3,32250
124,5507,El Salvador,115433,Not Asked,Same / No change,Not,0.718364766,1024,92721,73475,29639,56561,8608,0.084951001,33000,25000,44000,29051,48899,13748,"(100124.0, 120124.0]",1,"(31000, 33500]",4,32250
125,1903,Honduras,52824,Not,Same / No change,Yes,0.532333788,590,44679,35769,13078,27521,4410,0.089836827,33000,25000,45000,12855,25297,6429,"(40124.0, 60124.0]",1,"(31000, 33500]",5,32250
126,6109,El Salvador,48491,Not Asked,Same / No change,Not,0.721865913,224,37861,30020,12346,21735,2409,0.059821207,33000,24000,41000,22215,14616,4468,"(40124.0, 60124.0]",1,"(31000, 33500]",6,32250
127,6211,Honduras,43647,Not Asked,Increased,Not,0.651659908,546,36728,32160,7494,23106,2393,0.061169193,33000,25000,42000,2325,23341,9063,"(40124.0, 60124.0]",1,"(31000, 33500]",7,32250
128,2313,Honduras,30471,Not Asked,Same / No change,Not,0.877227528,235,26033,21419,7239,15266,1379,0.050306435,33000,24000,40000,17985,6824,2819,"(20124.0, 40124.0]",1,"(31000, 33500]",8,32250
129,2601,Honduras,16601,Yes,Same / No change,Yes,0.733991928,88,11165,8462,4831,5821,1302,0.10443571,33000,25000,40000,4122,5695,2085,"(124.0, 20124.0]",1,"(31000, 33500]",9,32250
130,2399,Honduras,10150,Not Asked,Same / No change,Not,0.64,126,8691,7264,2202,5816,547,0.059211951,33000,30000,45000,5284,2438,657,"(124.0, 20124.0]",1,"(31000, 33500]",10,32250
131,4007,Honduras,9916,Not Asked,Same / No change,Not,0.76432029,95,7444,5843,2834,4714,757,0.092305816,33000,24000,40000,2630,3906,1470,"(124.0, 20124.0]",1,"(31000, 33500]",11,32250
132,3604,Honduras,9154,Not Asked,Same / No change,Not,0.576360061,86,7585,5603,2741,3912,437,0.054475193,33000,23000,42000,2856,4159,976,"(124.0, 20124.0]",1,"(31000, 33500]",12,32250
133,2309,Honduras,17125,Not,No violent acts / crime,Yes,0.601751825,156,15116,12520,3782,9193,833,0.05222898,32500,25000,38000,10304,3967,1385,"(124.0, 20124.0]",1,"(31000, 33500]",13,32250
134,6100,El Salvador,33599,Not,Diminished,Yes,0.774576624,202,24406,18166,11088,12809,2183,0.082101621,32400,25000,45000,9364,12889,3816,"(20124.0, 40124.0]",1,"(31000, 33500]",14,32250
135,4801,El Salvador,54814,Not,Diminished,Yes,0.416809574,375,40157,31086,16659,21816,4267,0.096051684,32200,23000,47100,14444,20313,8051,"(40124.0, 60124.0]",1,"(31000, 33500]",15,32250
136,2314,Honduras,34181,Not,No violent acts / crime,Yes,0.6860244,338,30007,23018,9209,16537,1206,0.038637747,32100,25000,40000,20821,8260,2767,"(20124.0, 40124.0]",1,"(31000, 33500]",16,32250
137,3301,El Salvador,194673,Not,No violent acts / crime,Yes,0.70089843,1436,149180,114386,57825,81180,14345,0.08772359,32000,23000,41000,57690,71827,26503,"(180124.0, 200124.0]",1,"(31000, 33500]",17,32250
138,2304,Honduras,170862,Not Asked,No violent acts / crime,Not,0.923745479,1629,149339,123177,37965,86540,7297,0.046585715,32000,23400,38000,108085,36972,11502,"(160124.0, 180124.0]",1,"(31000, 33500]",18,32250
139,4101,El Salvador,125074,Not Asked,Diminished,Not,0.502846315,1014,103078,77428,38515,57978,5593,0.051467273,32000,24000,43000,27581,63946,16838,"(120124.0, 140124.0]",1,"(31000, 33500]",19,32250
140,3401,El Salvador,71369,Not,Same / No change,Yes,0.686992952,569,54844,43401,19187,33438,4657,0.078267592,32000,25000,42000,18565,28558,9030,"(60124.0, 80124.0]",1,"(31000, 33500]",20,32250
141,6005,El Salvador,38761,Not Asked,Same / No change,Not,0.423208896,331,31433,22457,12818,15740,3718,0.10577224,32000,22000,42000,7368,20721,5862,"(20124.0, 40124.0]",1,"(31000, 33500]",21,32250
142,5500,Honduras,12920,Not,Diminished,Yes,0.606888545,113,9602,7700,3396,5679,1108,0.103454715,32000,27000,50000,3602,4778,1634,"(124.0, 20124.0]",1,"(31000, 33500]",22,32250
143,1105,Honduras,7416,Not Asked,Increased,Not,0.339670982,110,6594,5798,1246,4522,314,0.045454545,32000,22900,40000,2089,3545,1231,"(124.0, 20124.0]",1,"(31000, 33500]",23,32250
144,2308,Honduras,6483,Not Asked,Same / No change,Not,0.683942619,59,5362,4764,1227,3247,266,0.047263682,32000,28000,39000,4214,1106,591,"(124.0, 20124.0]",1,"(31000, 33500]",24,32250
145,5200,El Salvador,393735,Not,No violent acts / crime,Yes,0.779933204,2584,307933,233205,115172,174438,28169,0.083810867,31500,24000,41000,125148,141860,48207,,1,"(31000, 33500]",25,32250
146,6002,Honduras,60633,Not,No violent acts / crime,Yes,0.506720763,419,47662,29010,24943,21425,3918,0.075959674,31000,22300,42000,13752,28786,9286,"(60124.0, 80124.0]",1,"(28500, 31000]",1,29750
147,2306,El Salvador,28213,Not Asked,No violent acts / crime,Not,0.444582285,259,23794,19420,7230,13651,1920,0.074667496,31000,24000,40000,12777,9328,2042,"(20124.0, 40124.0]",1,"(28500, 31000]",2,29750
148,6006,El Salvador,21030,Not Asked,No violent acts / crime,Not,0.845934379,204,17579,13262,6140,9965,1128,0.060298284,31000,23000,40000,5139,9738,3426,"(20124.0, 40124.0]",1,"(28500, 31000]",3,29750
149,6000,El Salvador,74440,Not,No violent acts / crime,Yes,0.667033853,623,59679,42764,23656,31877,5486,0.084186296,30500,21000,41000,20792,32725,11880,"(60124.0, 80124.0]",1,"(28500, 31000]",4,29750
150,2901,El Salvador,58001,Not Asked,Diminished,Not,0.91093257,518,46624,36747,15872,26906,3355,0.067128194,30000,22900,40000,20985,20133,5248,"(40124.0, 60124.0]",1,"(28500, 31000]",5,29750
151,5404,El Salvador,53552,Not,Diminished,Yes,0.904074544,374,45038,34941,13481,27588,3329,0.06882792,30000,25000,35000,27449,14416,4344,"(40124.0, 60124.0]",1,"(28500, 31000]",6,29750
152,1103,El Salvador,21573,Not,Same / No change,Yes,0.752143884,255,17112,14479,5353,10824,917,0.050862499,30000,22000,40000,5443,9571,2125,"(20124.0, 40124.0]",1,"(28500, 31000]",7,29750
153,6003,El Salvador,16250,Not Asked,Same / No change,Not,0.745661538,132,12870,8447,6253,6322,1465,0.102197419,30000,22000,40000,3849,7635,2840,"(124.0, 20124.0]",1,"(28500, 31000]",8,29750
154,2312,El Salvador,14443,Not Asked,No Response,Not,0.810704147,142,13076,11734,2214,8457,496,0.03654583,30000,24000,37000,10766,1949,722,"(124.0, 20124.0]",1,"(28500, 31000]",9,29750
155,5299,El Salvador,9628,Not,Same / No change,Yes,0.798919817,60,7653,5201,3221,3838,419,0.05190783,30000,20800,40000,2960,3948,1650,"(124.0, 20124.0]",1,"(28500, 31000]",10,29750
156,5403,El Salvador,9374,Not,Diminished,Yes,0.90558993,89,8294,6455,2405,5061,326,0.037819026,30000,24000,35000,2878,4595,724,"(124.0, 20124.0]",1,"(28500, 31000]",11,29750
157,3402,El Salvador,6652,Not Asked,No violent acts / crime,Not,0.697384245,49,5052,3565,2225,2661,372,0.068584071,30000,20000,49000,1168,3354,1141,"(124.0, 20124.0]",1,"(28500, 31000]",12,29750
158,4901,El Salvador,30207,Not Asked,Same / No change,Not,0.383719006,310,24202,18079,8767,13944,1617,0.062628297,29000,22000,38000,9927,12037,3304,"(20124.0, 40124.0]",1,"(28500, 31000]",13,29750
159,6007,Honduras,16977,Not,Increased,Yes,0.719974083,182,13908,10451,5673,7413,1368,0.089552239,29000,19200,38300,3948,8707,3586,"(124.0, 20124.0]",1,"(28500, 31000]",14,29750
160,2201,Honduras,10510,Not,Same / No change,Yes,0.584776403,117,8650,7662,2064,5949,510,0.055676856,29000,20000,36000,563,7384,3163,"(124.0, 20124.0]",1,"(28500, 31000]",15,29750
161,1199,Guatemala,1488,Not,No Response,Yes,0.728494624,24,1290,1098,335,936,82,0.059766764,29000,23000,42100,483,626,31,"(124.0, 20124.0]",1,"(28500, 31000]",16,29750
162,5502,Honduras,38844,Not Asked,Diminished,Not,0.707136237,247,29633,20147,14515,13232,3395,0.102791571,28000,20000,38000,9805,16693,6866,"(20124.0, 40124.0]",1,"(26000, 28500]",1,27250
163,6102,Honduras,38279,Not Asked,Same / No change,Not,0.967998119,95,29763,19975,13862,14460,1487,0.047584,28000,20000,40000,19957,9404,5125,"(20124.0, 40124.0]",1,"(26000, 28500]",2,27250
164,2307,Guatemala,37589,Not Asked,No violent acts / crime,Not,0.968953683,342,32551,27569,7001,20748,1360,0.040104981,28000,21000,35000,23515,7705,2868,"(20124.0, 40124.0]",1,"(26000, 28500]",3,27250
165,2603,Guatemala,11204,Not,No violent acts / crime,Yes,0.690110675,56,7052,5197,3685,3214,846,0.107115726,27500,22900,38000,2326,3703,1115,"(124.0, 20124.0]",1,"(26000, 28500]",4,27250
166,6001,Guatemala,43249,Not,No violent acts / crime,Yes,0.666119448,357,36165,25147,15994,16891,3040,0.07754113,27000,19200,35000,6994,25313,11068,"(40124.0, 60124.0]",1,"(26000, 28500]",5,27250
167,3302,Honduras,18953,Not Asked,Diminished,Not,0.629504564,151,15053,10121,6612,7832,1340,0.081742207,27000,20000,35000,4855,8100,3466,"(124.0, 20124.0]",1,"(26000, 28500]",6,27250
168,3609,Honduras,8409,Not,No Response,Yes,0.637293376,47,6259,5043,2190,3602,304,0.04632028,26000,20000,39000,2771,2947,743,"(124.0, 20124.0]",1,"(23500, 26000]",1,24750
169,5201,El Salvador,2854,Not,Same / No change,Yes,0.817098809,7,2125,1848,572,1211,148,0.065112187,25000,24000,34000,1488,615,82,"(124.0, 20124.0]",1,"(23500, 26000]",2,24750
170,5202,El Salvador,2838,Not,Same / No change,Yes,0.799859056,13,2101,1724,648,1293,368,0.149048198,25000,25000,40000,986,870,622,"(124.0, 20124.0]",1,"(23500, 26000]",3,24750
171,5203,El Salvador,4626,Not,No violent acts / crime,Yes,0.798746217,21,3777,3154,965,2738,214,0.053620646,23400,19200,26000,2403,1245,308,"(124.0, 20124.0]",1,"(21000, 23500]",1,22250
172,3501,El Salvador,1098,Not,Same / No change,Yes,0.877959927,2,742,593,237,410,87,0.104945718,22000,20000,22000,288,338,192,"(124.0, 20124.0]",1,"(21000, 23500]",2,22250
,,Honduras,,Yes,No violent acts / crime,Yes,,,,,,,,,,,,,,,,,,,
,,Honduras,,Not Asked,No violent acts / crime,Not,,,,,,,,,,,,,,,,,,,
,,Honduras,,Not Asked,No violent acts / crime,Not,,,,,,,,,,,,,,,,,,,
,,Guatemala,,Not Asked,Same / No change,No Response,,,,,,,,,,,,,,,,,,,
,,Guatemala,,Not Asked,No violent acts / crime,Not,,,,,,,,,,,,,,,,,,,
,,Guatemala,,Not,Same / No change,Yes,,,,,,,,,,,,,,,,,,,
,,Honduras,,Not Asked,Same / No change,Not,,,,,,,,,,,,,,,,,,,
,,Honduras,,Not Asked,Same / No change,Not,,,,,,,,,,,,,,,,,,,
,,Honduras,,Not,Same / No change,Yes,,,,,,,,,,,,,,,,,,,
,,Honduras,,Not Asked,Same / No change,Not,,,,,,,,,,,,,,,,,,,
,,Honduras,,Not Asked,No violent acts / crime,Not,,,,,,,,,,,,,,,,,,,
,,Honduras,,Not Asked,Increased,Not,,,,,,,,,,,,,,,,,,,
,,El Salvador,,Not Asked,Diminished,Not,,,,,,,,,,,,,,,,,,,
,,Honduras,,Not,Diminished,Yes,,,,,,,,,,,,,,,,,,,
,,Honduras,,Not,Diminished,Yes,,,,,,,,,,,,,,,,,,,
,,Honduras,,Yes,Same / No change,Yes,,,,,,,,,,,,,,,,,,,
,,Honduras,,Not Asked,Same / No change,Not,,,,,,,,,,,,,,,,,,,
,,El Salvador,,Not,Diminished,Yes,,,,,,,,,,,,,,,,,,,
,,El Salvador,,Not Asked,Diminished,Not,,,,,,,,,,,,,,,,,,,
,,Honduras,,Not Asked,Increased,Not,,,,,,,,,,,,,,,,,,,
,,Honduras,,Not,No violent acts / crime,Yes,,,,,,,,,,,,,,,,,,,
,,Honduras,,Not Asked,No violent acts / crime,Not,,,,,,,,,,,,,,,,,,,
,,El Salvador,,Not,No violent acts / crime,Yes,,,,,,,,,,,,,,,,,,,
,,El Salvador,,Not Asked,No violent acts / crime,Not,,,,,,,,,,,,,,,,,,,
,,El Salvador,,Not Asked,Diminished,Not,,,,,,,,,,,,,,,,,,,
,,El Salvador,,Not Asked,No violent acts / crime,Not,,,,,,,,,,,,,,,,,,,
,,El Salvador,,Not,No violent acts / crime,Yes,,,,,,,,,,,,,,,,,,,
,,Honduras,,Yes,Same / No change,Yes,,,,,,,,,,,,,,,,,,,
,,Honduras,,Yes,No violent acts / crime,Yes,,,,,,,,,,,,,,,,,,,
,,Honduras,,Not,Diminished,Yes,,,,,,,,,,,,,,,,,,,
,,Honduras,,Not,No violent acts / crime,Yes,,,,,,,,,,,,,,,,,,,
,,Honduras,,Yes,No violent acts / crime,Yes,,,,,,,,,,,,,,,,,,,
,,Honduras,,Yes,No violent acts / crime,Yes,,,,,,,,,,,,,,,,,,,
,,Honduras,,Not Asked,Same / No change,Not,,,,,,,,,,,,,,,,,,,
,,El Salvador,,Not,Diminished,Yes,,,,,,,,,,,,,,,,,,,
,,El Salvador,,Not Asked,Diminished,Not,,,,,,,,,,,,,,,,,,,
,,El Salvador,,Not,No violent acts / crime,Yes,,,,,,,,,,,,,,,,,,,
,,El Salvador,,Not Asked,Same / No change,Not,,,,,,,,,,,,,,,,,,,
,,El Salvador,,Not Asked,Same / No change,Not,,,,,,,,,,,,,,,,,,,
,,Guatemala,,Not Asked,Same / No change,Not,,,,,,,,,,,,,,,,,,,
,,El Salvador,,Not,No violent acts / crime,Yes,,,,,,,,,,,,,,,,,,,
,,El Salvador,,Not Asked,Diminished,Not,,,,,,,,,,,,,,,,,,,
,,El Salvador,,Not,No violent acts / crime,Yes,,,,,,,,,,,,,,,,,,,
,,El Salvador,,Not,Diminished,Yes,,,,,,,,,,,,,,,,,,,
,,El Salvador,,Not Asked,Same / No change,Not,,,,,,,,,,,,,,,,,,,
,,El Salvador,,Not,Diminished,Yes,,,,,,,,,,,,,,,,,,,
,,El Salvador,,Not,No Response,Yes,,,,,,,,,,,,,,,,,,,
,,El Salvador,,Yes,Same / No change,Yes,,,,,,,,,,,,,,,,,,,
,,El Salvador,,Not Asked,Diminished,Not,,,,,,,,,,,,,,,,,,,
,,El Salvador,,Not Asked,No violent acts / crime,Not,,,,,,,,,,,,,,,,,,,
,,Honduras,,Yes,Same / No change,Yes,,,,,,,,,,,,,,,,,,,
,,Honduras,,Not Asked,No violent acts / crime,Not,,,,,,,,,,,,,,,,,,,
,,Honduras,,Not Asked,No violent acts / crime,Not,,,,,,,,,,,,,,,,,,,
,,Honduras,,Not Asked,Increased,Not,,,,,,,,,,,,,,,,,,,
,,Honduras,,Not Asked,Increased,Not,,,,,,,,,,,,,,,,,,,
,,Guatemala,,Not,Increased,Yes,,,,,,,,,,,,,,,,,,,
,,Guatemala,,Not,Increased,Yes,,,,,,,,,,,,,,,,,,,
,,Guatemala,,Not,Increased,Yes,,,,,,,,,,,,,,,,,,,
,,Guatemala,,Not Asked,No violent acts / crime,No Response,,,,,,,,,,,,,,,,,,,
,,Guatemala,,Not,Same / No change,Yes,,,,,,,,,,,,,,,,,,,
,,Guatemala,,Not,No violent acts / crime,Yes,,,,,,,,,,,,,,,,,,,
,,Guatemala,,Not Asked,No violent acts / crime,Not,,,,,,,,,,,,,,,,,,,
,,Guatemala,,Not Asked,No violent acts / crime,Not,,,,,,,,,,,,,,,,,,,
,,Guatemala,,Not Asked,No violent acts / crime,Not,,,,,,,,,,,,,,,,,,,
,,Guatemala,,Not Asked,No violent acts / crime,Not,,,,,,,,,,,,,,,,,,,
,,Guatemala,,Not Asked,Increased,Not,,,,,,,,,,,,,,,,,,,
,,Guatemala,,Not Asked,No violent acts / crime,Not,,,,,,,,,,,,,,,,,,,
,,Guatemala,,Not Asked,No violent acts / crime,Not,,,,,,,,,,,,,,,,,,,
,,Guatemala,,Not Asked,No violent acts / crime,Not,,,,,,,,,,,,,,,,,,,
,,Guatemala,,Not,No violent acts / crime,Yes,,,,,,,,,,,,,,,,,,,
,,Guatemala,,Not Asked,No violent acts / crime,Not,,,,,,,,,,,,,,,,,,,
,,Honduras,,Yes,Increased,Yes,,,,,,,,,,,,,,,,,,,
,,Honduras,,Yes,Same / No change,Yes,,,,,,,,,,,,,,,,,,,
,,Honduras,,Not,No violent acts / crime,Yes,,,,,,,,,,,,,,,,,,,
,,Honduras,,Not,Same / No change,Yes,,,,,,,,,,,,,,,,,,,
,,Honduras,,Not Asked,No violent acts / crime,Not,,,,,,,,,,,,,,,,,,,
,,Honduras,,No Response,Diminished,Yes,,,,,,,,,,,,,,,,,,,
,,Guatemala,,Not Asked,No violent acts / crime,Not,,,,,,,,,,,,,,,,,,,
,,Honduras,,Not,Same / No change,Yes,,,,,,,,,,,,,,,,,,,
,,Honduras,,Not Asked,Same / No change,Not,,,,,,,,,,,,,,,,,,,
,,Guatemala,,Not Asked,No violent acts / crime,Not,,,,,,,,,,,,,,,,,,,
,,Guatemala,,Yes,Diminished,Yes,,,,,,,,,,,,,,,,,,,
,,Guatemala,,Yes,Increased,Yes,,,,,,,,,,,,,,,,,,,
,,Honduras,,Not,Increased,Yes,,,,,,,,,,,,,,,,,,,
,,Honduras,,Yes,Increased,Yes,,,,,,,,,,,,,,,,,,,
,,Honduras,,Not Asked,No violent acts / crime,Not,,,,,,,,,,,,,,,,,,,
,,Guatemala,,Not,Diminished,Yes,,,,,,,,,,,,,,,,,,,
,,Honduras,,Not Asked,Diminished,No Response,,,,,,,,,,,,,,,,,,,
,,Honduras,,Yes,Increased,Yes,,,,,,,,,,,,,,,,,,,
,,Honduras,,Not,Same / No change,Yes,,,,,,,,,,,,,,,,,,,
,,Honduras,,Not,Same / No change,Yes,,,,,,,,,,,,,,,,,,,
,,Honduras,,Not,Same / No change,Yes,,,,,,,,,,,,,,,,,,,
,,Guatemala,,Not Asked,Same / No change,Not,,,,,,,,,,,,,,,,,,,
,,Guatemala,,Not,Same / No change,Yes,,,,,,,,,,,,,,,,,,,
,,Guatemala,,Yes,Same / No change,Yes,,,,,,,,,,,,,,,,,,,
,,Honduras,,Not,Diminished,Yes,,,,,,,,,,,,,,,,,,,
,,Honduras,,Not,Increased,Yes,,,,,,,,,,,,,,,,,,,
,,Honduras,,Not Asked,Increased,Not,,,,,,,,,,,,,,,,,,,
,,Honduras,,Not Asked,Increased,Not,,,,,,,,,,,,,,,,,,,
,,Honduras,,Not,No Response,Yes,,,,,,,,,,,,,,,,,,,
,,Honduras,,Not,Diminished,Yes,,,,,,,,,,,,,,,,,,,
,,Honduras,,Not,Increased,Yes,,,,,,,,,,,,,,,,,,,
,,Guatemala,,Not Asked,No violent acts / crime,Not,,,,,,,,,,,,,,,,,,,
,,Guatemala,,Not Asked,Diminished,Not,,,,,,,,,,,,,,,,,,,
,,Guatemala,,Not Asked,No violent acts / crime,Not,,,,,,,,,,,,,,,,,,,
,,Guatemala,,Not,No violent acts / crime,Yes,,,,,,,,,,,,,,,,,,,
,,Guatemala,,Not Asked,Increased,No Response,,,,,,,,,,,,,,,,,,,
,,Guatemala,,Not,No violent acts / crime,Yes,,,,,,,,,,,,,,,,,,,
,,Honduras,,Yes,Increased,Yes,,,,,,,,,,,,,,,,,,,
,,Honduras,,Not,Increased,Yes,,,,,,,,,,,,,,,,,,,
,,Honduras,,Not,Increased,Yes,,,,,,,,,,,,,,,,,,,
,,Honduras,,Not,Same / No change,Yes,,,,,,,,,,,,,,,,,,,
,,Honduras,,Yes,No violent acts / crime,Yes,,,,,,,,,,,,,,,,,,,
,,Honduras,,Not Asked,Increased,Not,,,,,,,,,,,,,,,,,,,
,,Honduras,,Not Asked,Increased,Not,,,,,,,,,,,,,,,,,,,
,,Honduras,,Not,No violent acts / crime,Yes,,,,,,,,,,,,,,,,,,,
,,El Salvador,,Not Asked,No violent acts / crime,Not,,,,,,,,,,,,,,,,,,,
,,El Salvador,,Not Asked,Diminished,Not,,,,,,,,,,,,,,,,,,,
,,Honduras,,Not Asked,Same / No change,Not,,,,,,,,,,,,,,,,,,,
,,El Salvador,,Not Asked,Same / No change,Not,,,,,,,,,,,,,,,,,,,
,,El Salvador,,Not,Diminished,Yes,,,,,,,,,,,,,,,,,,,
,,El Salvador,,Not,No violent acts / crime,Yes,,,,,,,,,,,,,,,,,,,
,,El Salvador,,Not Asked,Increased,Not,,,,,,,,,,,,,,,,,,,
,,El Salvador,,Not,Same / No change,Yes,,,,,,,,,,,,,,,,,,,
,,El Salvador,,Not Asked,Diminished,Not,,,,,,,,,,,,,,,,,,,
,,El Salvador,,Not,Diminished,Yes,,,,,,,,,,,,,,,,,,,
,,El Salvador,,Not Asked,No violent acts / crime,Not,,,,,,,,,,,,,,,,,,,
,,El Salvador,,Not,Increased,Yes,,,,,,,,,,,,,,,,,,,
,,El Salvador,,Not Asked,Same / No change,Not,,,,,,,,,,,,,,,,,,,
,,Honduras,,Not Asked,Increased,Not,,,,,,,,,,,,,,,,,,,
,,Honduras,,Not Asked,Increased,Not,,,,,,,,,,,,,,,,,,,
,,Honduras,,Not Asked,Increased,No Response,,,,,,,,,,,,,,,,,,,
,,Honduras,,Not Asked,Increased,Not,,,,,,,,,,,,,,,,,,,
,,Honduras,,No Response,Increased,Yes,,,,,,,,,,,,,,,,,,,
,,Honduras,,Not Asked,Diminished,Not,,,,,,,,,,,,,,,,,,,
,,Honduras,,Not,Increased,Yes,,,,,,,,,,,,,,,,,,,
,,El Salvador,,Not,No violent acts / crime,Yes,,,,,,,,,,,,,,,,,,,
,,Honduras,,Not Asked,Increased,Not,,,,,,,,,,,,,,,,,,,
,,Honduras,,Yes,Same / No change,Yes,,,,,,,,,,,,,,,,,,,
,,Honduras,,Not,Same / No change,Yes,,,,,,,,,,,,,,,,,,,
,,El Salvador,,Not Asked,Same / No change,Not,,,,,,,,,,,,,,,,,,,
,,El Salvador,,Not,No violent acts / crime,Yes,,,,,,,,,,,,,,,,,,,
,,El Salvador,,Not,Same / No change,Yes,,,,,,,,,,,,,,,,,,,
,,El Salvador,,Not,No violent acts / crime,Yes,,,,,,,,,,,,,,,,,,,
,,El Salvador,,Not,Increased,Yes,,,,,,,,,,,,,,,,,,,
,,El Salvador,,Not,Same / No change,Yes,,,,,,,,,,,,,,,,,,,
,,El Salvador,,Not,Same / No change,Yes,,,,,,,,,,,,,,,,,,,
,,El Salvador,,Not Asked,Same / No change,Not,,,,,,,,,,,,,,,,,,,
,,El Salvador,,Not,Diminished,Yes,,,,,,,,,,,,,,,,,,,
,,El Salvador,,Yes,Increased,Yes,,,,,,,,,,,,,,,,,,,
,,El Salvador,,Yes,Same / No change,Yes,,,,,,,,,,,,,,,,,,,
,,El Salvador,,Not,Diminished,Yes,,,,,,,,,,,,,,,,,,,
,,El Salvador,,Yes,No violent acts / crime,Yes,,,,,,,,,,,,,,,,,,,
,,El Salvador,,Not,Diminished,Yes,,,,,,,,,,,,,,,,,,,
,,El Salvador,,Not Asked,Diminished,Not,,,,,,,,,,,,,,,,,,,
,,Honduras,,Not Asked,Same / No change,Not,,,,,,,,,,,,,,,,,,,
,,El Salvador,,Not,Same / No change,Yes,,,,,,,,,,,,,,,,,,,
,,Guatemala,,Yes,Same / No change,Yes,,,,,,,,,,,,,,,,,,,
,,Honduras,,Not,Same / No change,Yes,,,,,,,,,,,,,,,,,,,
,,Guatemala,,Yes,No Response,Yes,,,,,,,,,,,,,,,,,,,
,,Guatemala,,Not,Increased,Yes,,,,,,,,,,,,,,,,,,,
,,Guatemala,,Not Asked,No violent acts / crime,Not,,,,,,,,,,,,,,,,,,,
,,Guatemala,,Not Asked,No Response,Not,,,,,,,,,,,,,,,,,,,
,,Honduras,,Not,No violent acts / crime,Yes,,,,,,,,,,,,,,,,,,,
,,Honduras,,Not,Same / No change,Yes,,,,,,,,,,,,,,,,,,,
,,Honduras,,Not,Increased,Yes,,,,,,,,,,,,,,,,,,,
,,Guatemala,,Not,No violent acts / crime,Yes,,,,,,,,,,,,,,,,,,,
,,Guatemala,,Not Asked,No violent acts / crime,Not,,,,,,,,,,,,,,,,,,,
,,Guatemala,,Not Asked,Same / No change,Not,,,,,,,,,,,,,,,,,,,
,,Honduras,,Not Asked,Increased,Not,,,,,,,,,,,,,,,,,,,
,,Honduras,,Not,Same / No change,Yes,,,,,,,,,,,,,,,,,,,
,,El Salvador,,Not Asked,Same / No change,Not,,,,,,,,,,,,,,,,,,,
,,El Salvador,,Not,Diminished,Yes,,,,,,,,,,,,,,,,,,,
,,Honduras,,Not,Same / No change,Yes,,,,,,,,,,,,,,,,,,,
,,El Salvador,,Not Asked,Same / No change,Not,,,,,,,,,,,,,,,,,,,
,,El Salvador,,Not Asked,Same / No change,Not,,,,,,,,,,,,,,,,,,,
,,Guatemala,,Yes,Same / No change,Yes,,,,,,,,,,,,,,,,,,,
,,Honduras,,Not Asked,No violent acts / crime,Not,,,,,,,,,,,,,,,,,,,
,,Guatemala,,Not,Diminished,Yes,,,,,,,,,,,,,,,,,,,
,,Guatemala,,Not Asked,Same / No change,Not,,,,,,,,,,,,,,,,,,,
,,Honduras,,Not Asked,Same / No change,Not,,,,,,,,,,,,,,,,,,,
,,Honduras,,Not,No violent acts / crime,Yes,,,,,,,,,,,,,,,,,,,
,,Honduras,,Not Asked,Increased,Not,,,,,,,,,,,,,,,,,,,
,,Guatemala,,Not Asked,No violent acts / crime,Not,,,,,,,,,,,,,,,,,,,
,,El Salvador,,Not Asked,Diminished,Not,,,,,,,,,,,,,,,,,,,
,,El Salvador,,Not Asked,No violent acts / crime,Not,,,,,,,,,,,,,,,,,,,
,,Honduras,,Not Asked,No violent acts / crime,Not,,,,,,,,,,,,,,,,,,,
,,El Salvador,,Not,Diminished,Yes,,,,,,,,,,,,,,,,,,,
,,El Salvador,,Not Asked,No violent acts / crime,Not,,,,,,,,,,,,,,,,,,,
,,El Salvador,,Not,Diminished,Yes,,,,,,,,,,,,,,,,,,,
,,El Salvador,,Not,No violent acts / crime,Yes,,,,,,,,,,,,,,,,,,,
,,El Salvador,,Not Asked,Diminished,Not,,,,,,,,,,,,,,,,,,,
,,El Salvador,,Not,Same / No change,Yes,,,,,,,,,,,,,,,,,,,
,,El Salvador,,Not Asked,Diminished,Not,,,,,,,,,,,,,,,,,,,
,,El Salvador,,Not Asked,No violent acts / crime,Not,,,,,,,,,,,,,,,,,,,
,,El Salvador,,Not Asked,Diminished,Not,,,,,,,,,,,,,,,,,,,
,,El Salvador,,Not,No violent acts / crime,Yes,,,,,,,,,,,,,,,,,,,
,,El Salvador,,Not,Diminished,Yes,,,,,,,,,,,,,,,,,,,
,,El Salvador,,Not Asked,Diminished,Not,,,,,,,,,,,,,,,,,,,
,,El Salvador,,Not Asked,Same / No change,Not,,,,,,,,,,,,,,,,,,,
,,El Salvador,,Yes,Diminished,Yes,,,,,,,,,,,,,,,,,,,
,,El Salvador,,Not Asked,No violent acts / crime,Not,,,,,,,,,,,,,,,,,,,
,,Honduras,,Not,Same / No change,Yes,,,,,,,,,,,,,,,,,,,
,,Honduras,,Not,No violent acts / crime,Yes,,,,,,,,,,,,,,,,,,,
,,Honduras,,Not,Increased,Yes,,,,,,,,,,,,,,,,,,,
,,Honduras,,Not,Increased,Yes,,,,,,,,,,,,,,,,,,,
,,Honduras,,No Response,No violent acts / crime,Yes,,,,,,,,,,,,,,,,,,,
,,El Salvador,,Not Asked,No violent acts / crime,Not,,,,,,,,,,,,,,,,,,,
,,El Salvador,,Yes,Diminished,Yes,,,,,,,,,,,,,,,,,,,
,,El Salvador,,Yes,Diminished,Yes,,,,,,,,,,,,,,,,,,,
,,El Salvador,,Not,Same / No change,Yes,,,,,,,,,,,,,,,,,,,
,,El Salvador,,Not,Same / No change,Yes,,,,,,,,,,,,,,,,,,,
,,El Salvador,,Not,Diminished,Yes,,,,,,,,,,,,,,,,,,,
,,El Salvador,,Not,Diminished,Yes,,,,,,,,,,,,,,,,,,,
,,El Salvador,,Not,Diminished,Yes,,,,,,,,,,,,,,,,,,,
,,El Salvador,,Not Asked,Diminished,Not,,,,,,,,,,,,,,,,,,,
,,El Salvador,,Not Asked,No violent acts / crime,Not,,,,,,,,,,,,,,,,,,,
,,El Salvador,,Not Asked,Same / No change,Not,,,,,,,,,,,,,,,,,,,
,,El Salvador,,Not,Same / No change,Yes,,,,,,,,,,,,,,,,,,,
,,El Salvador,,Not Asked,No violent acts / crime,Not,,,,,,,,,,,,,,,,,,,
,,El Salvador,,Not Asked,No violent acts / crime,Not,,,,,,,,,,,,,,,,,,,
,,El Salvador,,Not,No violent acts / crime,Yes,,,,,,,,,,,,,,,,,,,
,,El Salvador,,Not Asked,No violent acts / crime,Not,,,,,,,,,,,,,,,,,,,
,,El Salvador,,Not Asked,Same / No change,Not,,,,,,,,,,,,,,,,,,,
,,El Salvador,,Not Asked,Same / No change,Not,,,,,,,,,,,,,,,,,,,
,,Honduras,,Not,Increased,Yes,,,,,,,,,,,,,,,,,,,
,,Honduras,,Not,Same / No change,Yes,,,,,,,,,,,,,,,,,,,
,,Honduras,,Yes,Same / No change,Yes,,,,,,,,,,,,,,,,,,,
,,Honduras,,Not Asked,Increased,Not,,,,,,,,,,,,,,,,,,,
,,Honduras,,Yes,Increased,Yes,,,,,,,,,,,,,,,,,,,
,,Honduras,,Yes,Same / No change,Yes,,,,,,,,,,,,,,,,,,,
,,Honduras,,Yes,Diminished,Yes,,,,,,,,,,,,,,,,,,,
,,Guatemala,,Not Asked,Same / No change,Not,,,,,,,,,,,,,,,,,,,
,,Guatemala,,Yes,No violent acts / crime,Yes,,,,,,,,,,,,,,,,,,,
,,Guatemala,,Not,No violent acts / crime,Yes,,,,,,,,,,,,,,,,,,,
,,Guatemala,,Not Asked,No violent acts / crime,Not,,,,,,,,,,,,,,,,,,,
,,Guatemala,,Not Asked,No violent acts / crime,Not,,,,,,,,,,,,,,,,,,,
,,Guatemala,,Not Asked,No violent acts / crime,Not,,,,,,,,,,,,,,,,,,,
,,Guatemala,,Not,No violent acts / crime,Yes,,,,,,,,,,,,,,,,,,,
,,Guatemala,,Not,Increased,Yes,,,,,,,,,,,,,,,,,,,
,,Guatemala,,Not Asked,No violent acts / crime,Not,,,,,,,,,,,,,,,,,,,
,,Guatemala,,Not Asked,Same / No change,Not,,,,,,,,,,,,,,,,,,,
,,Honduras,,Yes,Diminished,Yes,,,,,,,,,,,,,,,,,,,
,,Honduras,,Not Asked,Diminished,Not,,,,,,,,,,,,,,,,,,,
,,Honduras,,Not,Same / No change,Yes,,,,,,,,,,,,,,,,,,,
,,Honduras,,Not,Same / No change,Yes,,,,,,,,,,,,,,,,,,,
,,Honduras,,Not,Same / No change,Yes,,,,,,,,,,,,,,,,,,,
,,Honduras,,Yes,Increased,Yes,,,,,,,,,,,,,,,,,,,
,,Honduras,,Not,No Response,Yes,,,,,,,,,,,,,,,,,,,
,,El Salvador,,Not Asked,Diminished,Not,,,,,,,,,,,,,,,,,,,
,,El Salvador,,Not Asked,Diminished,Not,,,,,,,,,,,,,,,,,,,
,,El Salvador,,Not Asked,No violent acts / crime,Not,,,,,,,,,,,,,,,,,,,
,,El Salvador,,Not Asked,No violent acts / crime,Not,,,,,,,,,,,,,,,,,,,
,,El Salvador,,Not,Increased,Yes,,,,,,,,,,,,,,,,,,,
,,El Salvador,,Yes,Same / No change,Yes,,,,,,,,,,,,,,,,,,,
,,El Salvador,,Not,Same / No change,Yes,,,,,,,,,,,,,,,,,,,
,,El Salvador,,Not,Increased,Yes,,,,,,,,,,,,,,,,,,,
,,El Salvador,,Not,Diminished,Yes,,,,,,,,,,,,,,,,,,,
,,El Salvador,,Not,Same / No change,Yes,,,,,,,,,,,,,,,,,,,
,,El Salvador,,Not Asked,Increased,Not,,,,,,,,,,,,,,,,,,,
,,El Salvador,,Not Asked,Diminished,Not,,,,,,,,,,,,,,,,,,,
,,El Salvador,,Not,Diminished,Yes,,,,,,,,,,,,,,,,,,,
,,El Salvador,,Not,Diminished,Yes,,,,,,,,,,,,,,,,,,,
,,El Salvador,,Yes,Same / No change,Yes,,,,,,,,,,,,,,,,,,,
,,El Salvador,,Not,Same / No change,Yes,,,,,,,,,,,,,,,,,,,
,,Guatemala,,Not Asked,No violent acts / crime,Not,,,,,,,,,,,,,,,,,,,
,,El Salvador,,Not Asked,Diminished,Not,,,,,,,,,,,,,,,,,,,
,,El Salvador,,Not,Diminished,Yes,,,,,,,,,,,,,,,,,,,
,,Honduras,,Not,Increased,Yes,,,,,,,,,,,,,,,,,,,
,,Guatemala,,Not Asked,Increased,Not,,,,,,,,,,,,,,,,,,,
,,Guatemala,,Yes,Increased,Yes,,,,,,,,,,,,,,,,,,,
,,Guatemala,,Not Asked,No violent acts / crime,Not,,,,,,,,,,,,,,,,,,,
,,Guatemala,,Yes,No violent acts / crime,Yes,,,,,,,,,,,,,,,,,,,
,,Guatemala,,Not Asked,No violent acts / crime,Not,,,,,,,,,,,,,,,,,,,
,,Guatemala,,Not Asked,Same / No change,No Response,,,,,,,,,,,,,,,,,,,
,,Guatemala,,Not,Same / No change,Yes,,,,,,,,,,,,,,,,,,,
,,Guatemala,,Not,Increased,Yes,,,,,,,,,,,,,,,,,,,
,,Guatemala,,Not,No violent acts / crime,Yes,,,,,,,,,,,,,,,,,,,
,,Guatemala,,Not,No violent acts / crime,Yes,,,,,,,,,,,,,,,,,,,
,,Guatemala,,Not,No violent acts / crime,Yes,,,,,,,,,,,,,,,,,,,
,,Guatemala,,Not Asked,No violent acts / crime,Not,,,,,,,,,,,,,,,,,,,
,,El Salvador,,Not,No violent acts / crime,Yes,,,,,,,,,,,,,,,,,,,
,,El Salvador,,Not,No violent acts / crime,Yes,,,,,,,,,,,,,,,,,,,
,,El Salvador,,Not,Increased,Yes,,,,,,,,,,,,,,,,,,,
,,El Salvador,,Not,Diminished,Yes,,,,,,,,,,,,,,,,,,,
,,El Salvador,,Not,Same / No change,Yes,,,,,,,,,,,,,,,,,,,
,,El Salvador,,Not,Same / No change,Yes,,,,,,,,,,,,,,,,,,,
,,El Salvador,,Not,No violent acts / crime,Yes,,,,,,,,,,,,,,,,,,,
,,El Salvador,,Not,Diminished,Yes,,,,,,,,,,,,,,,,,,,
,,El Salvador,,Not,Diminished,Yes,,,,,,,,,,,,,,,,,,,
,,El Salvador,,Not Asked,Diminished,Not,,,,,,,,,,,,,,,,,,,
,,El Salvador,,Not,Diminished,Yes,,,,,,,,,,,,,,,,,,,
,,Honduras,,Not,Same / No change,Yes,,,,,,,,,,,,,,,,,,,
,,El Salvador,,Not,Diminished,Yes,,,,,,,,,,,,,,,,,,,
,,El Salvador,,Not,Diminished,Yes,,,,,,,,,,,,,,,,,,,
,,El Salvador,,Yes,Diminished,Yes,,,,,,,,,,,,,,,,,,,
,,El Salvador,,Not,Same / No change,Yes,,,,,,,,,,,,,,,,,,,
,,El Salvador,,Not,Diminished,Yes,,,,,,,,,,,,,,,,,,,
,,El Salvador,,Not,Diminished,Yes,,,,,,,,,,,,,,,,,,,
,,El Salvador,,Not,Diminished,Yes,,,,,,,,,,,,,,,,,,,
,,El Salvador,,Not Asked,Increased,Not,,,,,,,,,,,,,,,,,,,
,,El Salvador,,Not,Same / No change,Yes,,,,,,,,,,,,,,,,,,,
,,El Salvador,,Not,Diminished,Yes,,,,,,,,,,,,,,,,,,,
,,El Salvador,,Yes,Increased,Yes,,,,,,,,,,,,,,,,,,,
,,El Salvador,,Not Asked,Diminished,Not,,,,,,,,,,,,,,,,,,,
,,El Salvador,,Not Asked,Same / No change,Not,,,,,,,,,,,,,,,,,,,
,,El Salvador,,Not,Diminished,Yes,,,,,,,,,,,,,,,,,,,
,,El Salvador,,Not Asked,Diminished,Not,,,,,,,,,,,,,,,,,,,
,,El Salvador,,Not Asked,Increased,Not,,,,,,,,,,,,,,,,,,,
,,El Salvador,,Not Asked,Same / No change,Not,,,,,,,,,,,,,,,,,,,
,,Guatemala,,Yes,Same / No change,Yes,,,,,,,,,,,,,,,,,,,
,,Guatemala,,Not Asked,No violent acts / crime,Not,,,,,,,,,,,,,,,,,,,
,,Guatemala,,Not Asked,No violent acts / crime,Not,,,,,,,,,,,,,,,,,,,
,,Guatemala,,Not Asked,No violent acts / crime,Not,,,,,,,,,,,,,,,,,,,
,,Guatemala,,Not,Same / No change,Yes,,,,,,,,,,,,,,,,,,,
,,Honduras,,Not Asked,No violent acts / crime,Not,,,,,,,,,,,,,,,,,,,
,,Honduras,,Not Asked,No violent acts / crime,Not,,,,,,,,,,,,,,,,,,,
,,Honduras,,Not Asked,No violent acts / crime,Not,,,,,,,,,,,,,,,,,,,
,,Honduras,,Not,No violent acts / crime,Yes,,,,,,,,,,,,,,,,,,,
,,Guatemala,,Not Asked,No violent acts / crime,Not,,,,,,,,,,,,,,,,,,,
,,Guatemala,,Yes,Increased,Yes,,,,,,,,,,,,,,,,,,,
,,Guatemala,,Not,Same / No change,Yes,,,,,,,,,,,,,,,,,,,
,,Honduras,,Not Asked,Same / No change,Not,,,,,,,,,,,,,,,,,,,
,,Honduras,,Not Asked,Same / No change,Not,,,,,,,,,,,,,,,,,,,
,,El Salvador,,Not Asked,Diminished,Not,,,,,,,,,,,,,,,,,,,
,,El Salvador,,Not Asked,Same / No change,Not,,,,,,,,,,,,,,,,,,,
,,El Salvador,,Not Asked,Diminished,Not,,,,,,,,,,,,,,,,,,,
,,El Salvador,,Not,Diminished,Yes,,,,,,,,,,,,,,,,,,,
,,El Salvador,,Not,Diminished,Yes,,,,,,,,,,,,,,,,,,,
,,El Salvador,,Not,Same / No change,Yes,,,,,,,,,,,,,,,,,,,
,,El Salvador,,Not Asked,Same / No change,Not,,,,,,,,,,,,,,,,,,,
,,El Salvador,,Not Asked,Same / No change,Not,,,,,,,,,,,,,,,,,,,
,,El Salvador,,Not,No violent acts / crime,Yes,,,,,,,,,,,,,,,,,,,
,,El Salvador,,Yes,Increased,Yes,,,,,,,,,,,,,,,,,,,
,,El Salvador,,Not Asked,Diminished,Not,,,,,,,,,,,,,,,,,,,
,,El Salvador,,Not,Diminished,Yes,,,,,,,,,,,,,,,,,,,
,,El Salvador,,Not,Diminished,Yes,,,,,,,,,,,,,,,,,,,
,,El Salvador,,Not,No violent acts / crime,Yes,,,,,,,,,,,,,,,,,,,
,,El Salvador,,Not,Increased,Yes,,,,,,,,,,,,,,,,,,,
,,El Salvador,,Not Asked,Same / No change,Not,,,,,,,,,,,,,,,,,,,
,,El Salvador,,Yes,Increased,Yes,,,,,,,,,,,,,,,,,,,
,,El Salvador,,Not,Same / No change,Yes,,,,,,,,,,,,,,,,,,,
,,El Salvador,,Not Asked,Same / No change,Not,,,,,,,,,,,,,,,,,,,
,,El Salvador,,Not,Increased,Yes,,,,,,,,,,,,,,,,,,,
,,El Salvador,,Not,Same / No change,Yes,,,,,,,,,,,,,,,,,,,
,,El Salvador,,Not,Diminished,Yes,,,,,,,,,,,,,,,,,,,
,,El Salvador,,Not,Increased,Yes,,,,,,,,,,,,,,,,,,,
,,El Salvador,,Not,Diminished,Yes,,,,,,,,,,,,,,,,,,,
,,El Salvador,,Not,No violent acts / crime,Yes,,,,,,,,,,,,,,,,,,,
,,El Salvador,,Not Asked,Increased,Not,,,,,,,,,,,,,,,,,,,
,,El Salvador,,Yes,Same / No change,Yes,,,,,,,,,,,,,,,,,,,
,,El Salvador,,Not,Diminished,Yes,,,,,,,,,,,,,,,,,,,
,,El Salvador,,Not,Diminished,Yes,,,,,,,,,,,,,,,,,,,
,,El Salvador,,Not,Diminished,Yes,,,,,,,,,,,,,,,,,,,
,,El Salvador,,Not,Diminished,Yes,,,,,,,,,,,,,,,,,,,
,,El Salvador,,Not,Diminished,Yes,,,,,,,,,,,,,,,,,,,
,,El Salvador,,Not,Diminished,Yes,,,,,,,,,,,,,,,,,,,
,,El Salvador,,Not Asked,Diminished,Not,,,,,,,,,,,,,,,,,,,
,,Honduras,,Not,Increased,Yes,,,,,,,,,,,,,,,,,,,
,,Guatemala,,Not Asked,No violent acts / crime,Not,,,,,,,,,,,,,,,,,,,
,,Honduras,,Not Asked,Increased,Not,,,,,,,,,,,,,,,,,,,
,,Honduras,,Not Asked,No violent acts / crime,Not,,,,,,,,,,,,,,,,,,,
,,Honduras,,Not Asked,No violent acts / crime,Not,,,,,,,,,,,,,,,,,,,
,,Honduras,,Not Asked,No violent acts / crime,Not,,,,,,,,,,,,,,,,,,,
,,Honduras,,Not Asked,Same / No change,Not,,,,,,,,,,,,,,,,,,,
,,Guatemala,,Not Asked,Diminished,Not,,,,,,,,,,,,,,,,,,,
,,Honduras,,Not,No violent acts / crime,Yes,,,,,,,,,,,,,,,,,,,
,,Guatemala,,Not,No violent acts / crime,Yes,,,,,,,,,,,,,,,,,,,
,,Honduras,,Not,Same / No change,Yes,,,,,,,,,,,,,,,,,,,
,,Guatemala,,Not Asked,No violent acts / crime,Not,,,,,,,,,,,,,,,,,,,
,,Guatemala,,Not Asked,No violent acts / crime,Not,,,,,,,,,,,,,,,,,,,
,,Guatemala,,Not Asked,No violent acts / crime,Not,,,,,,,,,,,,,,,,,,,
,,Guatemala,,Not,No violent acts / crime,Yes,,,,,,,,,,,,,,,,,,,
,,Guatemala,,Not Asked,No violent acts / crime,Not,,,,,,,,,,,,,,,,,,,
,,Honduras,,Not Asked,No violent acts / crime,Not,,,,,,,,,,,,,,,,,,,
,,Honduras,,Yes,No violent acts / crime,Yes,,,,,,,,,,,,,,,,,,,
,,Honduras,,Not Asked,No violent acts / crime,Not,,,,,,,,,,,,,,,,,,,
,,Honduras,,Not Asked,No violent acts / crime,Not,,,,,,,,,,,,,,,,,,,
,,Honduras,,Not Asked,No violent acts / crime,Not,,,,,,,,,,,,,,,,,,,
,,Honduras,,No Response,Increased,Yes,,,,,,,,,,,,,,,,,,,
,,Honduras,,Not Asked,Increased,Not,,,,,,,,,,,,,,,,,,,
,,Honduras,,Not Asked,Increased,Not,,,,,,,,,,,,,,,,,,,
,,Guatemala,,Not Asked,Same / No change,Not,,,,,,,,,,,,,,,,,,,
,,Guatemala,,Not,No violent acts / crime,Yes,,,,,,,,,,,,,,,,,,,
,,Guatemala,,Not Asked,No violent acts / crime,Not,,,,,,,,,,,,,,,,,,,
,,Guatemala,,Not,Diminished,Yes,,,,,,,,,,,,,,,,,,,
,,Guatemala,,Yes,Diminished,Yes,,,,,,,,,,,,,,,,,,,
,,Guatemala,,Not,No violent acts / crime,Yes,,,,,,,,,,,,,,,,,,,
,,Guatemala,,Not Asked,Increased,Not,,,,,,,,,,,,,,,,,,,
,,Guatemala,,Not Asked,Diminished,Not,,,,,,,,,,,,,,,,,,,
,,Guatemala,,Not Asked,No violent acts / crime,Not,,,,,,,,,,,,,,,,,,,
,,Guatemala,,Not,Same / No change,Yes,,,,,,,,,,,,,,,,,,,
,,Honduras,,Yes,No violent acts / crime,Yes,,,,,,,,,,,,,,,,,,,
,,Honduras,,Not,Same / No change,Yes,,,,,,,,,,,,,,,,,,,
,,Guatemala,,Not Asked,Same / No change,Not,,,,,,,,,,,,,,,,,,,
,,Guatemala,,Not,No violent acts / crime,Yes,,,,,,,,,,,,,,,,,,,
,,Guatemala,,Yes,Increased,Yes,,,,,,,,,,,,,,,,,,,
,,Guatemala,,Yes,Diminished,Yes,,,,,,,,,,,,,,,,,,,
,,Honduras,,Not,Increased,Yes,,,,,,,,,,,,,,,,,,,
,,Honduras,,Not Asked,Increased,Not,,,,,,,,,,,,,,,,,,,
,,Honduras,,Not,Increased,Yes,,,,,,,,,,,,,,,,,,,
,,Honduras,,Not,Increased,Yes,,,,,,,,,,,,,,,,,,,
,,Honduras,,Not Asked,Diminished,Not,,,,,,,,,,,,,,,,,,,
,,Honduras,,Not Asked,Diminished,Not,,,,,,,,,,,,,,,,,,,
,,Honduras,,Not Asked,Same / No change,Not,,,,,,,,,,,,,,,,,,,
,,Honduras,,Not,Same / No change,Yes,,,,,,,,,,,,,,,,,,,
,,Guatemala,,Not Asked,No violent acts / crime,Not,,,,,,,,,,,,,,,,,,,
,,Guatemala,,Yes,Same / No change,Yes,,,,,,,,,,,,,,,,,,,
,,Guatemala,,Not Asked,No violent acts / crime,Not,,,,,,,,,,,,,,,,,,,
,,Guatemala,,Not,Same / No change,Yes,,,,,,,,,,,,,,,,,,,
,,Guatemala,,Not Asked,Increased,Not,,,,,,,,,,,,,,,,,,,
,,Honduras,,Not Asked,Same / No change,Not,,,,,,,,,,,,,,,,,,,
,,Honduras,,Not,Same / No change,Yes,,,,,,,,,,,,,,,,,,,
,,Honduras,,Not Asked,Same / No change,Not,,,,,,,,,,,,,,,,,,,
,,Honduras,,Not,No violent acts / crime,Yes,,,,,,,,,,,,,,,,,,,
,,Honduras,,Not Asked,Same / No change,Not,,,,,,,,,,,,,,,,,,,
,,Honduras,,Not,Same / No change,Yes,,,,,,,,,,,,,,,,,,,
,,Honduras,,Yes,No Response,Yes,,,,,,,,,,,,,,,,,,,
,,Honduras,,Not,Increased,Yes,,,,,,,,,,,,,,,,,,,
,,Honduras,,Not,Increased,Yes,,,,,,,,,,,,,,,,,,,
,,Honduras,,Not,Diminished,Yes,,,,,,,,,,,,,,,,,,,
,,Honduras,,Not Asked,Same / No change,Not,,,,,,,,,,,,,,,,,,,
,,Honduras,,Yes,Diminished,Yes,,,,,,,,,,,,,,,,,,,
,,Honduras,,Not,Same / No change,Yes,,,,,,,,,,,,,,,,,,,
,,Honduras,,Not Asked,Diminished,Not,,,,,,,,,,,,,,,,,,,
,,Honduras,,Not Asked,Diminished,Not,,,,,,,,,,,,,,,,,,,
,,Honduras,,Not Asked,Diminished,Not,,,,,,,,,,,,,,,,,,,
,,Honduras,,Not Asked,Diminished,Not,,,,,,,,,,,,,,,,,,,
,,El Salvador,,Not,Diminished,Yes,,,,,,,,,,,,,,,,,,,
,,El Salvador,,Not,Increased,Yes,,,,,,,,,,,,,,,,,,,
,,Guatemala,,Not,No violent acts / crime,Yes,,,,,,,,,,,,,,,,,,,